step	loss_epoch
40	0.7130593061447144
81	0.6942235231399536
122	0.7314279675483704
163	0.6865735650062561
204	0.7105004787445068
245	0.7569364309310913
286	0.7139054536819458
327	0.7147142887115479
368	0.6955668330192566
409	0.7422151565551758
450	0.7125362157821655
491	0.7124554514884949
532	0.7063102722167969
573	0.768310546875
614	0.7222698926925659
655	0.6929686665534973
696	0.7139349579811096
737	0.7104947566986084
778	0.6733893752098083
819	0.7056151628494263
860	0.7040944695472717
901	0.6897714138031006
942	0.6753706336021423
983	0.7192118167877197
1024	0.6900399923324585
1065	0.6707793474197388
1106	0.7023877501487732
1147	0.6962710618972778
1188	0.6468691229820251
1229	0.7205772399902344
1270	0.6503174901008606
1311	0.6769351363182068
1352	0.6714557409286499
1393	0.6692522168159485
1434	0.6502442359924316
1475	0.6719083189964294
1516	0.6594830751419067
1557	0.6557162404060364
1598	0.6501624584197998
1639	0.6602481007575989
1680	0.6149147748947144
1721	0.6155349016189575
1762	0.620154619216919
1803	0.6208066344261169
1844	0.6154422760009766
1885	0.5784247517585754
1926	0.5957890748977661
1967	0.6236802935600281
2008	0.6250534057617188
2049	0.5847975015640259
2090	0.5830179452896118
2131	0.5704405307769775
2172	0.528189480304718
2213	0.5455871820449829
2254	0.5387917757034302
2295	0.5152051448822021
2336	0.54770427942276
2377	0.544957160949707
2418	0.5245508551597595
2459	0.520516037940979
2500	0.5291236042976379
2541	0.5238385200500488
2582	0.5304331183433533
2623	0.4838806092739105
2664	0.4900659918785095
2705	0.504551112651825
2746	0.5312995314598083
2787	0.5078327655792236
2828	0.4945621192455292
2869	0.4954090118408203
2910	0.46316128969192505
2951	0.4908725917339325
2992	0.48809710144996643
3033	0.5048882961273193
3074	0.4841756224632263
3115	0.5092893838882446
3156	0.47174015641212463
3197	0.4635452628135681
3238	0.474247545003891
3279	0.47604602575302124
3320	0.4667564034461975
3361	0.47175511717796326
3402	0.4733629822731018
3443	0.4361206293106079
3484	0.46412014961242676
3525	0.4347178637981415
3566	0.44482022523880005
3607	0.46149009466171265
3648	0.4415755569934845
3689	0.4755607843399048
3730	0.4680940806865692
3771	0.45933768153190613
3812	0.45370620489120483
3853	0.4455021619796753
3894	0.4614899456501007
3935	0.44749173521995544
3976	0.43264731764793396
4017	0.470730185508728
4058	0.4463469684123993
4099	0.4410150349140167
4140	0.452197402715683
4181	0.44479840993881226
4222	0.441227525472641
4263	0.43130260705947876
4304	0.44632968306541443
4345	0.43382155895233154
4386	0.4546920657157898
4427	0.4495612382888794
4468	0.42137256264686584
4509	0.4555453360080719
4550	0.4394471347332001
4591	0.43644702434539795
4632	0.43788060545921326
4673	0.44268205761909485
4714	0.4186866879463196
4755	0.41827327013015747
4796	0.4479003846645355
4837	0.44173339009284973
4878	0.45051708817481995
4919	0.4196714162826538
4960	0.4304402768611908
5001	0.40309131145477295
5042	0.4161732494831085
5083	0.4210965931415558
5124	0.42795801162719727
5165	0.4178105592727661
5206	0.412672221660614
5247	0.40933850407600403
5288	0.3923432528972626
5329	0.4258386194705963
5370	0.3873900771141052
5411	0.4194851219654083
5452	0.43062952160835266
5493	0.40497851371765137
5534	0.40010860562324524
5575	0.42757147550582886
5616	0.4225729703903198
5657	0.4115828275680542
5698	0.4347918629646301
5739	0.4206295609474182
5780	0.4311251938343048
5821	0.4108010232448578
5862	0.41464856266975403
5903	0.40744397044181824
5944	0.4119899570941925
5985	0.37990617752075195
6026	0.41772595047950745
6067	0.42071589827537537
6108	0.38563618063926697
6149	0.38517317175865173
6190	0.4116787612438202
6231	0.4079735577106476
6272	0.40161603689193726
6313	0.42812445759773254
6354	0.40818774700164795
6395	0.40681231021881104
6436	0.3967060148715973
6477	0.42544466257095337
6518	0.4145062565803528
6559	0.41767480969429016
6600	0.4163112938404083
6641	0.3996305763721466
6682	0.404887855052948
6723	0.40718185901641846
6764	0.40312710404396057
6805	0.40683096647262573
6846	0.4159037470817566
6887	0.4327598512172699
6928	0.40505701303482056
6969	0.4052375555038452
7010	0.401893675327301
7051	0.4120543599128723
7092	0.42363476753234863
7133	0.4085896611213684
7174	0.39054879546165466
7215	0.38034650683403015
7256	0.40779542922973633
7297	0.39514416456222534
7338	0.3798229396343231
7379	0.3898591697216034
7420	0.3747275769710541
7461	0.39716315269470215
7502	0.4014548063278198
7543	0.40137729048728943
7584	0.414790540933609
7625	0.3659020960330963
7666	0.37517908215522766
7707	0.3986418545246124
7748	0.4312908351421356
7789	0.3867921829223633
7830	0.3957085609436035
7871	0.38602668046951294
7912	0.41026735305786133
7953	0.38665539026260376
7994	0.4000433087348938
8035	0.3984270691871643
8076	0.4176158308982849
8117	0.41298165917396545
8158	0.41085928678512573
8199	0.3871012032032013
8240	0.3951016962528229
8281	0.395621657371521
8322	0.40349364280700684
8363	0.40776553750038147
8404	0.37823447585105896
8445	0.3871496915817261
8486	0.39858806133270264
8527	0.39528775215148926
8568	0.38869422674179077
8609	0.4240613579750061
8650	0.3594176769256592
8691	0.4159111976623535
8732	0.3742186427116394
8773	0.39324310421943665
8814	0.4047223627567291
8855	0.4035734236240387
8896	0.3837946355342865
8937	0.38873109221458435
8978	0.3871607780456543
9019	0.40786758065223694
9060	0.3798077404499054
9101	0.3934280574321747
9142	0.3987359404563904
9183	0.40060174465179443
9224	0.4012914299964905
9265	0.3850270211696625
9306	0.3853599727153778
9347	0.400524765253067
9388	0.39289337396621704
9429	0.3951241970062256
9470	0.38464537262916565
9511	0.39017102122306824
9552	0.3639899492263794
9593	0.40095001459121704
9634	0.3745250701904297
9675	0.37548017501831055
9716	0.387133926153183
9757	0.38377851247787476
9798	0.3744525909423828
9839	0.4051959812641144
9880	0.39024579524993896
9921	0.3840862214565277
9962	0.3704805076122284
10003	0.37901797890663147
10044	0.37674179673194885
10085	0.36007651686668396
10126	0.40115636587142944
10167	0.38497406244277954
10208	0.37864208221435547
10249	0.36087286472320557
10290	0.38950756192207336
10331	0.3535205125808716
10372	0.40457114577293396
10413	0.36585572361946106
10454	0.3712618947029114
10495	0.40280359983444214
10536	0.37273499369621277
10577	0.3812403082847595
10618	0.38821569085121155
10659	0.37254154682159424
10700	0.3878835141658783
10741	0.37033775448799133
10782	0.382813960313797
10823	0.37808939814567566
10864	0.3792670965194702
10905	0.39508214592933655
10946	0.36270871758461
10987	0.36989033222198486
11028	0.37276342511177063
11069	0.3640232980251312
11110	0.3594051003456116
11151	0.3891369104385376
11192	0.37326720356941223
11233	0.3772818446159363
11274	0.3648122549057007
11315	0.37163421511650085
11356	0.3559938967227936
11397	0.36844494938850403
11438	0.37312763929367065
11479	0.3804011642932892
11520	0.3595811128616333
11561	0.39218130707740784
11602	0.3692382276058197
11643	0.36178719997406006
11684	0.3607359826564789
11725	0.3546743094921112
11766	0.3660115897655487
11807	0.3540209233760834
11848	0.352813184261322
11889	0.343176931142807
11930	0.331215500831604
11971	0.35115846991539
12012	0.3503424823284149
12053	0.3607073426246643
12094	0.3439646065235138
12135	0.338624507188797
12176	0.3712216913700104
12217	0.3509345054626465
12258	0.3419400751590729
12299	0.32260265946388245
12340	0.37593239545822144
12381	0.33022353053092957
12422	0.3354242146015167
12463	0.3714244067668915
12504	0.35745373368263245
12545	0.3290294408798218
12586	0.3467986583709717
12627	0.3202141225337982
12668	0.3271294832229614
12709	0.3168676197528839
12750	0.313138484954834
12791	0.32586923241615295
12832	0.3660445511341095
12873	0.32066404819488525
12914	0.3215939998626709
12955	0.3443076014518738
12996	0.32152798771858215
13037	0.3117002844810486
13078	0.32467395067214966
13119	0.3014398217201233
13160	0.3070053160190582
13201	0.3179539144039154
13242	0.32168832421302795
13283	0.3239966332912445
13324	0.32539764046669006
13365	0.31310945749282837
13406	0.3182021379470825
13447	0.2991494834423065
13488	0.3114020526409149
13529	0.3280070722103119
13570	0.3228607475757599
13611	0.3127383887767792
13652	0.3230971097946167
13693	0.30819451808929443
13734	0.3100292682647705
13775	0.3153216540813446
13816	0.3095858693122864
13857	0.3068747818470001
13898	0.3045973777770996
13939	0.3025738000869751
13980	0.2928130626678467
14021	0.3122708201408386
14062	0.28566858172416687
14103	0.2958243191242218
14144	0.30356860160827637
14185	0.30269694328308105
14226	0.31175410747528076
14267	0.314774751663208
14308	0.30004093050956726
14349	0.287413626909256
14390	0.25973352789878845
14431	0.29305559396743774
14472	0.3078027367591858
14513	0.2949008643627167
14554	0.2815248966217041
14595	0.2744329273700714
14636	0.2938721179962158
14677	0.28809699416160583
14718	0.2637729346752167
14759	0.30207911133766174
14800	0.3013438880443573
14841	0.2591125965118408
14882	0.2975184917449951
14923	0.27268919348716736
14964	0.29475271701812744
15005	0.2836574614048004
15046	0.3040873408317566
15087	0.2852431535720825
15128	0.2747894823551178
15169	0.29046475887298584
15210	0.3133779764175415
15251	0.29411306977272034
15292	0.2917484641075134
15333	0.28347620368003845
15374	0.29136624932289124
15415	0.27765509486198425
15456	0.29488593339920044
15497	0.2818109095096588
15538	0.28714534640312195
15579	0.3010578155517578
15620	0.26495787501335144
15661	0.2825242280960083
15702	0.2817845046520233
15743	0.2756170630455017
15784	0.2806994915008545
15825	0.26901569962501526
15866	0.28723111748695374
15907	0.2701954245567322
15948	0.2996809482574463
15989	0.2680065929889679
16030	0.28492775559425354
16071	0.2871386706829071
16112	0.28732073307037354
16153	0.2796926498413086
16194	0.2800962030887604
16235	0.2875962257385254
16276	0.27764955163002014
16317	0.28622758388519287
16358	0.26246485114097595
16399	0.2770971953868866
16440	0.2623186707496643
16481	0.2915358543395996
16522	0.266509473323822
16563	0.28276994824409485
16604	0.2811652719974518
16645	0.27000513672828674
16686	0.2785142958164215
16727	0.2811773717403412
16768	0.2729644179344177
16809	0.2564658224582672
16850	0.2628653049468994
16891	0.26339471340179443
16932	0.2790789008140564
16973	0.2706621289253235
17014	0.2734009623527527
17055	0.28579166531562805
17096	0.2569069564342499
17137	0.2750570774078369
17178	0.2876484990119934
17219	0.2753075063228607
17260	0.28211793303489685
17301	0.287184476852417
17342	0.27023079991340637
17383	0.26637569069862366
17424	0.2813827395439148
17465	0.2698724865913391
17506	0.24755647778511047
17547	0.269443154335022
17588	0.264734148979187
17629	0.2703235149383545
17670	0.2621879577636719
17711	0.25916698575019836
17752	0.2545294463634491
17793	0.2567467987537384
17834	0.26102662086486816
17875	0.2621568441390991
17916	0.26386740803718567
17957	0.2917347252368927
17998	0.26366621255874634
18039	0.25850239396095276
18080	0.2626510560512543
18121	0.2580607533454895
18162	0.256792277097702
18203	0.27293577790260315
18244	0.24642346799373627
18285	0.2753503918647766
18326	0.27071821689605713
18367	0.2716255486011505
18408	0.27162444591522217
18449	0.2617691159248352
18490	0.2779160439968109
18531	0.2515435218811035
18572	0.2755472660064697
18613	0.2945860028266907
18654	0.24504202604293823
18695	0.2531147003173828
18736	0.23868127167224884
18777	0.26700451970100403
18818	0.26374903321266174
18859	0.24374938011169434
18900	0.2593388855457306
18941	0.25326675176620483
18982	0.2657262980937958
19023	0.25829264521598816
19064	0.25598907470703125
19105	0.27543023228645325
19146	0.2573176324367523
19187	0.26623067259788513
19228	0.26037147641181946
19269	0.26159757375717163
19310	0.2529313862323761
19351	0.2710047662258148
19392	0.2514517307281494
19433	0.2593517303466797
19474	0.23650509119033813
19515	0.2653186023235321
19556	0.24610456824302673
19597	0.26827308535575867
19638	0.23887485265731812
19679	0.24968452751636505
19720	0.25423720479011536
19761	0.2589547336101532
19802	0.24729514122009277
19843	0.25178831815719604
19884	0.26408135890960693
19925	0.2559874653816223
19966	0.24565376341342926
20007	0.2606521546840668
20048	0.23660627007484436
20089	0.25487983226776123
20130	0.24711079895496368
20171	0.24972477555274963
20212	0.2536088526248932
20253	0.24780213832855225
20294	0.26322707533836365
20335	0.2556924521923065
20376	0.25345373153686523
20417	0.24784471094608307
20458	0.26038888096809387
20499	0.2517082989215851
20540	0.2423420399427414
20581	0.2528587281703949
20622	0.23980917036533356
20663	0.24157077074050903
20704	0.2563779950141907
20745	0.23756517469882965
20786	0.26308193802833557
20827	0.27315250039100647
20868	0.2567363977432251
20909	0.24833835661411285
20950	0.2514224946498871
20991	0.26507073640823364
21032	0.2749631404876709
21073	0.24030737578868866
21114	0.24115650355815887
21155	0.22470957040786743
21196	0.2531866729259491
21237	0.2479691356420517
21278	0.2471606582403183
21319	0.2541256248950958
21360	0.25883549451828003
21401	0.25971055030822754
21442	0.23871566355228424
21483	0.23501838743686676
21524	0.246510311961174
21565	0.2567990720272064
21606	0.2547930181026459
21647	0.24553729593753815
21688	0.24493242800235748
21729	0.24680021405220032
21770	0.23926128447055817
21811	0.2577286958694458
21852	0.2523218095302582
21893	0.2667102813720703
21934	0.2582973539829254
21975	0.24834127724170685
22016	0.24072585999965668
22057	0.24333269894123077
22098	0.23139595985412598
22139	0.24269336462020874
22180	0.24160590767860413
22221	0.24875864386558533
22262	0.2524060010910034
22303	0.24052825570106506
22344	0.25264444947242737
22385	0.24744226038455963
22426	0.25166869163513184
22467	0.22895297408103943
22508	0.24158422648906708
22549	0.24353636801242828
22590	0.24588698148727417
22631	0.2568795084953308
22672	0.2574459910392761
22713	0.2501591145992279
22754	0.2560060918331146
22795	0.2360570728778839
22836	0.24618041515350342
22877	0.23513276875019073
22918	0.24550138413906097
22959	0.2273196429014206
23000	0.23440204560756683
23041	0.2394874095916748
23082	0.22632624208927155
23123	0.26126524806022644
23164	0.22319664061069489
23205	0.22512319684028625
23246	0.23890066146850586
23287	0.25573623180389404
23328	0.235639289021492
23369	0.2254766821861267
23410	0.25495970249176025
23451	0.2219008058309555
23492	0.252961665391922
23533	0.24004854261875153
23574	0.23677808046340942
23615	0.2399318516254425
23656	0.246540829539299
23697	0.22970832884311676
23738	0.23164279758930206
23779	0.23797880113124847
23820	0.23274892568588257
23861	0.22387591004371643
23902	0.20581579208374023
23943	0.24520185589790344
23984	0.23880037665367126
24025	0.2365238517522812
24066	0.22256198525428772
24107	0.23480117321014404
24148	0.2464667409658432
24189	0.2467077076435089
24230	0.23668156564235687
24271	0.2212035059928894
24312	0.23759131133556366
24353	0.24661515653133392
24394	0.2362896054983139
24435	0.241983562707901
24476	0.23855926096439362
24517	0.2370150089263916
24558	0.21361230313777924
24599	0.2396974414587021
24640	0.2281336635351181
24681	0.2315664142370224
24722	0.2241089642047882
24763	0.21828658878803253
24804	0.24166232347488403
24845	0.2303609699010849
24886	0.2343837022781372
24927	0.226368248462677
24968	0.2358406037092209
25009	0.2407144457101822
25050	0.2312910407781601
25091	0.23678748309612274
25132	0.22279593348503113
25173	0.24186623096466064
25214	0.22453248500823975
25255	0.24500475823879242
25296	0.22930604219436646
25337	0.22890867292881012
25378	0.21277467906475067
25419	0.21282337605953217
25460	0.23236195743083954
25501	0.2227533757686615
25542	0.22299455106258392
25583	0.23644006252288818
25624	0.2169443815946579
25665	0.24417856335639954
25706	0.240392804145813
25747	0.22583216428756714
25788	0.22313477098941803
25829	0.22652536630630493
25870	0.228929340839386
25911	0.237016960978508
25952	0.2394101321697235
25993	0.2328667789697647
26034	0.2263159453868866
26075	0.22365328669548035
26116	0.23513689637184143
26157	0.22754205763339996
26198	0.2259806990623474
26239	0.23035196959972382
26280	0.23271867632865906
26321	0.22218558192253113
26362	0.23427963256835938
26403	0.21557152271270752
26444	0.22533643245697021
26485	0.24263200163841248
26526	0.22797851264476776
26567	0.23122279345989227
26608	0.23296627402305603
26649	0.23683594167232513
26690	0.23632271587848663
26731	0.22086867690086365
26772	0.21978379786014557
26813	0.2379944920539856
26854	0.23582665622234344
26895	0.24320267140865326
26936	0.2418789118528366
26977	0.2344788908958435
27018	0.21835455298423767
27059	0.23547999560832977
27100	0.22994886338710785
27141	0.2077372819185257
27182	0.22496217489242554
27223	0.21165426075458527
27264	0.23225289583206177
27305	0.21114331483840942
27346	0.22574521601200104
27387	0.20323072373867035
27428	0.22840866446495056
27469	0.24215532839298248
27510	0.21833473443984985
27551	0.2172304391860962
27592	0.2170402556657791
27633	0.2288520336151123
27674	0.23206131160259247
27715	0.22558850049972534
27756	0.25524768233299255
27797	0.2414512038230896
27838	0.23926609754562378
27879	0.23677250742912292
27920	0.22676150500774384
27961	0.23722299933433533
28002	0.23638418316841125
28043	0.2533349096775055
28084	0.22869904339313507
28125	0.22268685698509216
28166	0.23286521434783936
28207	0.22721675038337708
28248	0.21848078072071075
28289	0.2212199717760086
28330	0.21014921367168427
28371	0.23082323372364044
28412	0.21214908361434937
28453	0.2309809774160385
28494	0.2415129542350769
28535	0.24025070667266846
28576	0.22258837521076202
28617	0.2306649088859558
28658	0.2173907607793808
28699	0.22165144979953766
28740	0.2271849513053894
28781	0.23062370717525482
28822	0.22691714763641357
28863	0.22147899866104126
28904	0.23122288286685944
28945	0.22599026560783386
28986	0.23295706510543823
29027	0.21976251900196075
29068	0.22482159733772278
29109	0.238970085978508
29150	0.23343557119369507
29191	0.21357515454292297
29232	0.22774071991443634
29273	0.23301836848258972
29314	0.21639703214168549
29355	0.219349667429924
29396	0.2410936802625656
29437	0.2243155688047409
29478	0.22472679615020752
29519	0.21492543816566467
29560	0.22794829308986664
29601	0.2212759554386139
29642	0.2144877016544342
29683	0.2009342908859253
29724	0.21377700567245483
29765	0.21638135612010956
29806	0.24152907729148865
29847	0.22820083796977997
29888	0.23108850419521332
29929	0.2229345440864563
29970	0.24647630751132965
30011	0.23215466737747192
30052	0.2379089593887329
30093	0.23279264569282532
30134	0.22487226128578186
30175	0.20964579284191132
30216	0.21607694029808044
30257	0.21170200407505035
30298	0.2280828207731247
30339	0.21912695467472076
30380	0.22446078062057495
30421	0.19447022676467896
30462	0.19254833459854126
30503	0.22930070757865906
30544	0.21770815551280975
30585	0.21170257031917572
30626	0.20756906270980835
30667	0.23238898813724518
30708	0.21605271100997925
30749	0.20320020616054535
30790	0.20150400698184967
30831	0.22362948954105377
30872	0.2169698178768158
30913	0.22299902141094208
30954	0.2152472883462906
30995	0.215497687458992
31036	0.23702587187290192
31077	0.22634075582027435
31118	0.22113698720932007
31159	0.23332923650741577
31200	0.22649994492530823
31241	0.2037554681301117
31282	0.2160903960466385
31323	0.2323470264673233
31364	0.22073200345039368
31405	0.21647006273269653
31446	0.23145228624343872
31487	0.22506208717823029
31528	0.21217671036720276
31569	0.2127293050289154
31610	0.2283342480659485
31651	0.20438162982463837
31692	0.2350616157054901
31733	0.2169194370508194
31774	0.20893532037734985
31815	0.1952764242887497
31856	0.19900047779083252
31897	0.22009548544883728
31938	0.2097499966621399
31979	0.22716234624385834
32020	0.22135818004608154
32061	0.22230660915374756
32102	0.2154609113931656
32143	0.21612372994422913
32184	0.20854735374450684
32225	0.22525204718112946
32266	0.22438658773899078
32307	0.22283290326595306
32348	0.20307189226150513
32389	0.20255322754383087
32430	0.21188513934612274
32471	0.22477230429649353
32512	0.21509265899658203
32553	0.227616548538208
32594	0.20940326154232025
32635	0.20369581878185272
32676	0.22901174426078796
32717	0.19929900765419006
32758	0.2224138379096985
32799	0.21492595970630646
32840	0.22089940309524536
32881	0.2188715934753418
32922	0.20449504256248474
32963	0.21391284465789795
33004	0.20928917825222015
33045	0.21918685734272003
33086	0.23455806076526642
33127	0.21573440730571747
33168	0.21565915644168854
33209	0.21905897557735443
33250	0.2247818559408188
33291	0.2183617502450943
33332	0.2094222456216812
33373	0.21167585253715515
33414	0.22506661713123322
33455	0.2166752964258194
33496	0.21209365129470825
33537	0.20918285846710205
33578	0.21606570482254028
33619	0.2175365835428238
33660	0.21641291677951813
33701	0.22379818558692932
33742	0.22072388231754303
33783	0.20536284148693085
33824	0.2004529982805252
33865	0.23135147988796234
33906	0.21797002851963043
33947	0.211959570646286
33988	0.21859440207481384
34029	0.22166509926319122
34070	0.21109901368618011
34111	0.21351447701454163
34152	0.2145765870809555
34193	0.21302548050880432
34234	0.22830460965633392
34275	0.26039013266563416
34316	0.24292215704917908
34357	0.22560220956802368
34398	0.2021888941526413
34439	0.21738828718662262
34480	0.20787733793258667
34521	0.20551374554634094
34562	0.20443540811538696
34603	0.22928208112716675
34644	0.20989666879177094
34685	0.2090776115655899
34726	0.21399402618408203
34767	0.21309739351272583
34808	0.2182973176240921
34849	0.22548161447048187
34890	0.2203371524810791
34931	0.20356841385364532
34972	0.22286202013492584
35013	0.2259942889213562
35054	0.23603729903697968
35095	0.21389535069465637
35136	0.2029133439064026
35177	0.20403485000133514
35218	0.20505905151367188
35259	0.20237326622009277
35300	0.21805402636528015
35341	0.21493975818157196
35382	0.2100888043642044
35423	0.2075534462928772
35464	0.2139316350221634
35505	0.20208315551280975
35546	0.2079291194677353
35587	0.19532202184200287
35628	0.21206645667552948
35669	0.20537084341049194
35710	0.2052536904811859
35751	0.20315589010715485
35792	0.2106253057718277
35833	0.21914219856262207
35874	0.22613973915576935
35915	0.2176048308610916
35956	0.19280309975147247
35997	0.21297341585159302
36038	0.2083893120288849
36079	0.2215535044670105
36120	0.20439176261425018
36161	0.2223338931798935
36202	0.20147672295570374
36243	0.21869570016860962
36284	0.21552756428718567
36325	0.22296743094921112
36366	0.21985292434692383
36407	0.20899935066699982
36448	0.2140686810016632
36489	0.21626774966716766
36530	0.19335046410560608
36571	0.20865307748317719
36612	0.2112002670764923
36653	0.21364392340183258
36694	0.2393275797367096
36735	0.2285863608121872
36776	0.22664380073547363
36817	0.2310369610786438
36858	0.1977035403251648
36899	0.21939924359321594
36940	0.22428032755851746
36981	0.22065334022045135
37022	0.22717562317848206
37063	0.2078043520450592
37104	0.20119045674800873
37145	0.20312736928462982
37186	0.22511160373687744
37227	0.22470352053642273
37268	0.21787865459918976
37309	0.22527222335338593
37350	0.20327898859977722
37391	0.20610608160495758
37432	0.2100125253200531
37473	0.19572597742080688
37514	0.20953497290611267
37555	0.20108281075954437
37596	0.21159279346466064
37637	0.2053258717060089
37678	0.19769199192523956
37719	0.214939147233963
37760	0.22516362369060516
37801	0.21767258644104004
37842	0.20150236785411835
37883	0.2250288873910904
37924	0.21150019764900208
37965	0.21882465481758118
38006	0.19700346887111664
38047	0.2055484652519226
38088	0.20312689244747162
38129	0.2072097510099411
38170	0.21171340346336365
38211	0.19300925731658936
38252	0.21171694993972778
38293	0.20924930274486542
38334	0.21495817601680756
38375	0.2039695680141449
38416	0.21329784393310547
38457	0.18723243474960327
38498	0.20603086054325104
38539	0.22101053595542908
38580	0.20249390602111816
38621	0.22441433370113373
38662	0.19477416574954987
38703	0.2148011326789856
38744	0.200679749250412
38785	0.208578959107399
38826	0.21488067507743835
38867	0.20307254791259766
38908	0.21028070151805878
38949	0.19857674837112427
38990	0.22082871198654175
39031	0.19627688825130463
39072	0.197686105966568
39113	0.21301689743995667
39154	0.20498549938201904
39195	0.21990667283535004
39236	0.21008597314357758
39277	0.20010632276535034
39318	0.21913889050483704
39359	0.1990891546010971
39400	0.2161542922258377
39441	0.19794313609600067
39482	0.209199920296669
39523	0.21174614131450653
39564	0.20943674445152283
39605	0.199008971452713
39646	0.20291949808597565
39687	0.19626381993293762
39728	0.20813536643981934
39769	0.21019838750362396
39810	0.20976458489894867
39851	0.2081974744796753
39892	0.20312315225601196
39933	0.22208747267723083
39974	0.20587922632694244
40015	0.21671316027641296
40056	0.20450244843959808
40097	0.2207929491996765
40138	0.21758320927619934
40179	0.20158834755420685
40220	0.22809739410877228
40261	0.22661319375038147
40302	0.2202576845884323
40343	0.2055055797100067
40384	0.22020003199577332
40425	0.18543994426727295
40466	0.20742978155612946
40507	0.197019562125206
40548	0.20864324271678925
40589	0.21380358934402466
40630	0.20457665622234344
40671	0.21173644065856934
40712	0.20750387012958527
40753	0.23167887330055237
40794	0.21315103769302368
40835	0.2104279100894928
40876	0.2115253508090973
40917	0.2104358822107315
40958	0.20582616329193115
40999	0.19684483110904694
41040	0.22559571266174316
41081	0.2082149088382721
41122	0.21215398609638214
41163	0.21556095778942108
41204	0.20155683159828186
41245	0.2159779816865921
41286	0.2074955701828003
41327	0.205699160695076
41368	0.20786134898662567
41409	0.20729517936706543
41450	0.18338628113269806
41491	0.21673128008842468
41532	0.2175372987985611
41573	0.22965377569198608
41614	0.20505785942077637
41655	0.209233358502388
41696	0.20318251848220825
41737	0.19704855978488922
41778	0.21021105349063873
41819	0.19993607699871063
41860	0.20049713551998138
41901	0.21121160686016083
41942	0.20230095088481903
41983	0.21537436544895172
42024	0.2281516194343567
42065	0.20783767104148865
42106	0.20787565410137177
42147	0.20278778672218323
42188	0.20569561421871185
42229	0.20722492039203644
42270	0.20851260423660278
42311	0.20642726123332977
42352	0.22663374245166779
42393	0.2030692845582962
42434	0.21862491965293884
42475	0.18927060067653656
42516	0.20716308057308197
42557	0.17831166088581085
42598	0.21878159046173096
42639	0.20865508913993835
42680	0.2220517098903656
42721	0.19687649607658386
42762	0.20414918661117554
42803	0.21166548132896423
42844	0.206394225358963
42885	0.19661198556423187
42926	0.20112913846969604
42967	0.20102979242801666
43008	0.19725778698921204
43049	0.21237555146217346
43090	0.21724337339401245
43131	0.20612168312072754
43172	0.20070981979370117
43213	0.20929379761219025
43254	0.2055801898241043
43295	0.2132294923067093
43336	0.2023339569568634
43377	0.20519183576107025
43418	0.1984873265028
43459	0.20718316733837128
43500	0.2187190055847168
43541	0.19696268439292908
43582	0.18793806433677673
43623	0.22022220492362976
43664	0.21431979537010193
43705	0.20896555483341217
43746	0.21457156538963318
43787	0.20774990320205688
43828	0.2052423655986786
43869	0.19823922216892242
43910	0.18921035528182983
43951	0.18787482380867004
43992	0.2046833634376526
44033	0.21839919686317444
44074	0.20780377089977264
44115	0.21217158436775208
44156	0.21618759632110596
44197	0.20331911742687225
44238	0.20434951782226562
44279	0.2225339412689209
44320	0.21361102163791656
44361	0.2046874314546585
44402	0.23269183933734894
44443	0.18847836554050446
44484	0.2003704160451889
44525	0.20900055766105652
44566	0.20618577301502228
44607	0.2137673944234848
44648	0.22520624101161957
44689	0.20517684519290924
44730	0.2134743481874466
44771	0.21139726042747498
44812	0.19916307926177979
44853	0.20075583457946777
44894	0.20135265588760376
44935	0.21125520765781403
44976	0.21756723523139954
45017	0.20705540478229523
45058	0.212747722864151
45099	0.22072315216064453
45140	0.19702477753162384
45181	0.21380159258842468
45222	0.19698500633239746
45263	0.20890215039253235
45304	0.21956054866313934
45345	0.20924384891986847
45386	0.20740282535552979
45427	0.23048043251037598
45468	0.21188154816627502
45509	0.2236284762620926
45550	0.1938992738723755
45591	0.18653324246406555
45632	0.1999199390411377
45673	0.1980532556772232
45714	0.200344979763031
45755	0.18952444195747375
45796	0.20480762422084808
45837	0.2319558560848236
45878	0.20794937014579773
45919	0.20800989866256714
45960	0.18893715739250183
46001	0.2098725438117981
46042	0.21188783645629883
46083	0.2075095921754837
46124	0.18859896063804626
46165	0.19660164415836334
46206	0.18553659319877625
46247	0.19773755967617035
46288	0.202306866645813
46329	0.201518252491951
46370	0.20411038398742676
46411	0.19564490020275116
46452	0.22181063890457153
46493	0.19637419283390045
46534	0.21340875327587128
46575	0.21362212300300598
46616	0.20781201124191284
46657	0.20458440482616425
46698	0.19437454640865326
46739	0.21048150956630707
46780	0.20577718317508698
46821	0.20225080847740173
46862	0.2136051058769226
46903	0.21170449256896973
46944	0.20664197206497192
46985	0.2061479538679123
47026	0.2105329930782318
47067	0.1919325441122055
47108	0.21352508664131165
47149	0.19381877779960632
47190	0.19758401811122894
47231	0.18553441762924194
47272	0.2088652402162552
47313	0.2127203792333603
47354	0.203454852104187
47395	0.19826224446296692
47436	0.20661906898021698
47477	0.2178850620985031
47518	0.19907216727733612
47559	0.20558197796344757
47600	0.20272982120513916
47641	0.20738127827644348
47682	0.22247469425201416
47723	0.20751440525054932
47764	0.22789394855499268
47805	0.2019895613193512
47846	0.2272789478302002
47887	0.1933760941028595
47928	0.21872641146183014
47969	0.2167193740606308
48010	0.22111964225769043
48051	0.2249528467655182
48092	0.20734122395515442
48133	0.20616863667964935
48174	0.22464528679847717
48215	0.2075580209493637
48256	0.2185773402452469
48297	0.21155621111392975
48338	0.1942673623561859
48379	0.20564623177051544
48420	0.1911621391773224
48461	0.20756538212299347
48502	0.20339633524417877
48543	0.2147282361984253
48584	0.2194880247116089
48625	0.20906700193881989
48666	0.21088607609272003
48707	0.20564322173595428
48748	0.2118941694498062
48789	0.1929168701171875
48830	0.2115830034017563
48871	0.18075944483280182
48912	0.18903079628944397
48953	0.22114887833595276
48994	0.2099430412054062
49035	0.18467675149440765
49076	0.20454318821430206
49117	0.19991908967494965
49158	0.200687438249588
49199	0.20496538281440735
49240	0.2033631056547165
49281	0.2083311825990677
49322	0.1998855024576187
49363	0.18790702521800995
49404	0.20703144371509552
49445	0.2109910100698471
49486	0.2001035213470459
49527	0.20509038865566254
49568	0.19994023442268372
49609	0.20036593079566956
49650	0.19267569482326508
49691	0.20641809701919556
49732	0.20242489874362946
49773	0.2125290185213089
49814	0.20107026398181915
49855	0.2240002304315567
49896	0.21690776944160461
49937	0.2252679020166397
49978	0.21451599895954132
50019	0.20234739780426025
50060	0.21323426067829132
50101	0.19217045605182648
50142	0.20304493606090546
50183	0.21324069797992706
50224	0.22039709985256195
50265	0.19071899354457855
50306	0.2097739577293396
50347	0.20522183179855347
50388	0.2064218670129776
50429	0.19600243866443634
50470	0.20424537360668182
50511	0.1992407888174057
50552	0.20525898039340973
50593	0.20172488689422607
50634	0.1974196583032608
50675	0.21700482070446014
50716	0.2167844921350479
50757	0.2042498141527176
50798	0.19276443123817444
50839	0.20046384632587433
50880	0.20182399451732635
50921	0.2059854120016098
50962	0.19886107742786407
51003	0.2000058889389038
51044	0.2071433812379837
51085	0.19136084616184235
51126	0.21987131237983704
51167	0.1965067982673645
51208	0.21206136047840118
51249	0.21633361279964447
51290	0.20538318157196045
51331	0.18930523097515106
51372	0.20349840819835663
51413	0.21973925828933716
51454	0.22059231996536255
51495	0.2255920171737671
51536	0.19968809187412262
51577	0.19961144030094147
51618	0.19880037009716034
51659	0.21488560736179352
51700	0.20604804158210754
51741	0.20530115067958832
51782	0.19351962208747864
51823	0.1928371638059616
51864	0.2090844213962555
51905	0.22424104809761047
51946	0.20628617703914642
51987	0.19318252801895142
52028	0.1994372308254242
52069	0.2078724503517151
52110	0.202912375330925
52151	0.20152968168258667
52192	0.20741739869117737
52233	0.18426254391670227
52274	0.2005014419555664
52315	0.19568955898284912
52356	0.21302270889282227
52397	0.2075541764497757
52438	0.18874980509281158
52479	0.21494519710540771
52520	0.209151491522789
52561	0.20349232852458954
52602	0.1935899555683136
52643	0.2106981724500656
52684	0.21305158734321594
52725	0.20673052966594696
52766	0.20473290979862213
52807	0.19680249691009521
52848	0.2034159153699875
52889	0.20662987232208252
52930	0.2114943116903305
52971	0.20412415266036987
53012	0.21443356573581696
53053	0.20680025219917297
53094	0.20089741051197052
53135	0.21609008312225342
53176	0.2170732617378235
53217	0.20753563940525055
53258	0.1922980397939682
53299	0.19462430477142334
53340	0.22006534039974213
53381	0.2173166424036026
53422	0.19170637428760529
53463	0.19463525712490082
53504	0.21003201603889465
53545	0.1975746601819992
53586	0.21658429503440857
53627	0.21433548629283905
53668	0.2008572816848755
53709	0.2099776417016983
53750	0.20547793805599213
53791	0.1881369948387146
53832	0.20124401152133942
53873	0.19264207780361176
53914	0.20552340149879456
53955	0.16949792206287384
53996	0.2094702571630478
54037	0.19989950954914093
54078	0.20257596671581268
54119	0.21325163543224335
54160	0.18237827718257904
54201	0.19651436805725098
54242	0.2238394320011139
54283	0.19509856402873993
54324	0.20297150313854218
54365	0.19230417907238007
54406	0.1907867044210434
54447	0.2093799114227295
54488	0.20905765891075134
54529	0.20366357266902924
54570	0.1945236772298813
54611	0.22120825946331024
54652	0.19398753345012665
54693	0.19657361507415771
54734	0.21060840785503387
54775	0.1880016028881073
54816	0.2079392522573471
54857	0.19676992297172546
54898	0.19928234815597534
54939	0.1904936581850052
54980	0.1937088817358017
55021	0.17908015847206116
55062	0.1919320672750473
55103	0.20979031920433044
55144	0.21435783803462982
55185	0.2152571827173233
55226	0.23034046590328217
55267	0.1976645141839981
55308	0.22303564846515656
55349	0.2035670280456543
55390	0.2226666659116745
55431	0.2031901627779007
55472	0.21412743628025055
55513	0.19994933903217316
55554	0.1887606829404831
55595	0.1944144368171692
55636	0.21020258963108063
55677	0.1848566234111786
55718	0.19846707582473755
55759	0.19597716629505157
55800	0.2028406858444214
55841	0.18531742691993713
55882	0.19344152510166168
55923	0.20623691380023956
55964	0.19945645332336426
56005	0.20191065967082977
56046	0.20177240669727325
56087	0.19929687678813934
56128	0.2121710628271103
56169	0.18454331159591675
56210	0.2148255556821823
56251	0.21495087444782257
56292	0.20791801810264587
56333	0.2033546417951584
56374	0.19490812718868256
56415	0.19931253790855408
56456	0.198780819773674
56497	0.19022828340530396
56538	0.2045469433069229
56579	0.19213363528251648
56620	0.1975981444120407
56661	0.21047496795654297
56702	0.21001392602920532
56743	0.19414278864860535
56784	0.20024633407592773
56825	0.1970381736755371
56866	0.17791922390460968
56907	0.19099114835262299
56948	0.19203543663024902
56989	0.2042345255613327
57030	0.2224094271659851
57071	0.1912054717540741
57112	0.19705215096473694
57153	0.20853273570537567
57194	0.2112773060798645
57235	0.18838980793952942
57276	0.18677149713039398
57317	0.20351849496364594
57358	0.2020973265171051
57399	0.20262490212917328
57440	0.18736495077610016
57481	0.19490060210227966
57522	0.21993842720985413
57563	0.19093431532382965
57604	0.21680136024951935
57645	0.20812031626701355
57686	0.19755451381206512
57727	0.22156673669815063
57768	0.19883039593696594
57809	0.20747315883636475
57850	0.2012326419353485
57891	0.19805200397968292
57932	0.19986075162887573
57973	0.21444381773471832
58014	0.20007240772247314
58055	0.1937730759382248
58096	0.20189104974269867
58137	0.19646336138248444
58178	0.18807435035705566
58219	0.18878735601902008
58260	0.2073974907398224
58301	0.20815186202526093
58342	0.21658764779567719
58383	0.1937406212091446
58424	0.2066289186477661
58465	0.2052195817232132
58506	0.19378802180290222
58547	0.19038283824920654
58588	0.21685586869716644
58629	0.20066425204277039
58670	0.19656452536582947
58711	0.19074903428554535
58752	0.1981629580259323
58793	0.19936645030975342
58834	0.20647644996643066
58875	0.2035745084285736
58916	0.2070910930633545
58957	0.18709009885787964
58998	0.19874612987041473
59039	0.1858089715242386
59080	0.18804079294204712
59121	0.1899181753396988
59162	0.19118881225585938
59203	0.20227523148059845
59244	0.19122958183288574
59285	0.19883550703525543
59326	0.2027667909860611
59367	0.18858569860458374
59408	0.18834203481674194
59449	0.1990499496459961
59490	0.18217319250106812
59531	0.20378193259239197
59572	0.19923368096351624
59613	0.19390463829040527
59654	0.1982746422290802
59695	0.2014319896697998
59736	0.19675643742084503
59777	0.19919544458389282
59818	0.19272038340568542
59859	0.20077025890350342
59900	0.19211186468601227
59941	0.19561362266540527
59982	0.2040596604347229
60023	0.20396791398525238
60064	0.2074013352394104
60105	0.1882741004228592
60146	0.19736933708190918
60187	0.18432173132896423
60228	0.1930694282054901
60269	0.2007935345172882
60310	0.20915494859218597
60351	0.19701462984085083
60392	0.20365172624588013
60433	0.21313993632793427
60474	0.19693346321582794
60515	0.19080647826194763
60556	0.2047281712293625
60597	0.1939009726047516
60638	0.19013334810733795
60679	0.20708627998828888
60720	0.21020916104316711
60761	0.20536544919013977
60802	0.2270503044128418
60843	0.19593574106693268
60884	0.21440629661083221
60925	0.20326393842697144
60966	0.2115885317325592
61007	0.19410161674022675
61048	0.2031615674495697
61089	0.1950288861989975
61130	0.20048747956752777
61171	0.19277864694595337
61212	0.20282503962516785
61253	0.1934981346130371
61294	0.19562719762325287
61335	0.1975301057100296
61376	0.19054988026618958
61417	0.20994579792022705
61458	0.18678316473960876
61499	0.1995711475610733
61540	0.20088326930999756
61581	0.20925010740756989
61622	0.20522136986255646
61663	0.20357051491737366
61704	0.2013310194015503
61745	0.20291367173194885
61786	0.1827976554632187
61827	0.1819596141576767
61868	0.21179470419883728
61909	0.2216280698776245
61950	0.20060782134532928
61991	0.18002159893512726
62032	0.1818622648715973
62073	0.21195895969867706
62114	0.21020735800266266
62155	0.1798495352268219
62196	0.2103070318698883
62237	0.20184026658535004
62278	0.195112943649292
62319	0.20228885114192963
62360	0.203873872756958
62401	0.20971712470054626
62442	0.2083202451467514
62483	0.19741415977478027
62524	0.19193734228610992
62565	0.1972406804561615
62606	0.19321158528327942
62647	0.20732489228248596
62688	0.20256206393241882
62729	0.20952633023262024
62770	0.19397777318954468
62811	0.21534854173660278
62852	0.18701456487178802
62893	0.1915503740310669
62934	0.18238458037376404
62975	0.18735256791114807
63016	0.1828792244195938
63057	0.2002183049917221
63098	0.20375846326351166
63139	0.2045510709285736
63180	0.1901881843805313
63221	0.19554108381271362
63262	0.1831313520669937
63303	0.1961505264043808
63344	0.18843500316143036
63385	0.18662716448307037
63426	0.19482530653476715
63467	0.194116473197937
63508	0.1899852156639099
63549	0.17464028298854828
63590	0.19668562710285187
63631	0.20673152804374695
63672	0.20271863043308258
63713	0.19166842103004456
63754	0.20031030476093292
63795	0.1879091113805771
63836	0.18087568879127502
63877	0.1969432383775711
63918	0.1862831860780716
63959	0.18710599839687347
64000	0.2086847573518753
64041	0.20532093942165375
64082	0.21718285977840424
64123	0.20425258576869965
64164	0.17543694376945496
64205	0.1823931187391281
64246	0.202168270945549
64287	0.19845308363437653
64328	0.18052436411380768
64369	0.20248137414455414
64410	0.19966213405132294
64451	0.19315560162067413
64492	0.18956786394119263
64533	0.1999940574169159
64574	0.20812134444713593
64615	0.20348864793777466
64656	0.1935098022222519
64697	0.1961946338415146
64738	0.19715680181980133
64779	0.18156597018241882
64820	0.19634220004081726
64861	0.18873412907123566
64902	0.21146349608898163
64943	0.21018104255199432
64984	0.20245911180973053
65025	0.18892493844032288
65066	0.19071176648139954
65107	0.19606682658195496
65148	0.19079039990901947
65189	0.19143004715442657
65230	0.20267504453659058
65271	0.19233544170856476
65312	0.18964633345603943
65353	0.19149743020534515
65394	0.18458782136440277
65435	0.18575502932071686
65476	0.20598167181015015
65517	0.20372268557548523
65558	0.19388540089130402
65599	0.1890474408864975
65640	0.1928471177816391
65681	0.20447197556495667
65722	0.19214190542697906
65763	0.18909597396850586
65804	0.19980719685554504
65845	0.19380079209804535
65886	0.19224780797958374
65927	0.1775406450033188
65968	0.20150473713874817
66009	0.1893768608570099
66050	0.18875806033611298
66091	0.1973472535610199
66132	0.19576245546340942
66173	0.18858060240745544
66214	0.18328994512557983
66255	0.19592690467834473
66296	0.18784016370773315
66337	0.18046835064888
66378	0.18579697608947754
66419	0.19054636359214783
66460	0.21223124861717224
66501	0.20388200879096985
66542	0.19264309108257294
66583	0.17749086022377014
66624	0.20920251309871674
66665	0.19724571704864502
66706	0.18882714211940765
66747	0.20593544840812683
66788	0.19707638025283813
66829	0.19737228751182556
66870	0.20706485211849213
66911	0.1820143163204193
66952	0.19120576977729797
66993	0.18347038328647614
67034	0.18693609535694122
67075	0.1847025603055954
67116	0.17912928760051727
67157	0.20334698259830475
67198	0.20704816281795502
67239	0.19397376477718353
67280	0.19292910397052765
67321	0.1721743792295456
67362	0.19492937624454498
67403	0.19699163734912872
67444	0.18714869022369385
67485	0.19478167593479156
67526	0.19080966711044312
67567	0.20678578317165375
67608	0.19791480898857117
67649	0.1918468326330185
67690	0.1981152445077896
67731	0.19734792411327362
67772	0.20253534615039825
67813	0.19575200974941254
67854	0.1935838758945465
67895	0.20638757944107056
67936	0.21615885198116302
67977	0.18750523030757904
68018	0.1913585215806961
68059	0.18288670480251312
68100	0.19750282168388367
68141	0.19218593835830688
68182	0.21547195315361023
68223	0.1937108337879181
68264	0.20008453726768494
68305	0.196280837059021
68346	0.2171541154384613
68387	0.19258761405944824
68428	0.21524128317832947
68465	0.19383521378040314
